Name,wins,losses,Win Points,Win Advantages,Win Submissions,Win Decision,Win Penalties,Win EBI / OT,Win DQ,Losses Points,Losses Advantages,Losses Submissions,Losses Decision,Losses Penalties,Losses EBI / OT,Losses DQ
Aaron Johnson,84 WINS,67 LOSSES,15,5,52,7,0,3,0,28,1,25,6,0,2,0
Abdurakhman Bilarov,22 WINS,10 LOSSES,5,2,14,1,0,0,0,4,0,2,3,0,0,1
Abraham Marte,40 WINS,25 LOSSES,7,3,28,1,0,0,1,12,2,10,0,0,0,1
Adam Benayoun,40 WINS,20 LOSSES,19,5,14,2,0,0,0,6,3,4,7,0,0,0
Adam Ferrara,15 WINS,11 LOSSES,2,0,12,1,0,0,0,2,3,4,2,0,0,0
Adam Wardziński,193 WINS,45 LOSSES,84,5,95,4,1,0,2,15,13,11,6,0,0,0
Admilson Gobi Junior,37 WINS,15 LOSSES,15,4,15,1,0,0,0,9,0,5,1,0,0,0
Aniel Bonifacio,9 WINS,7 LOSSES,3,1,2,2,0,0,1,4,0,3,0,0,0,0
Alan Belcher,0 WINS,4 LOSSES,0,0,0,0,0,0,0,1,0,3,0,0,0,0
Alan Nascimento “Finfou”,50 WINS,17 LOSSES,31,5,9,2,0,0,3,5,2,7,3,0,0,0
Alan Sanchez,21 WINS,10 LOSSES,1,0,14,1,0,5,0,5,1,2,1,0,1,0
Alef Brito,40 WINS,9 LOSSES,16,3,16,3,1,0,1,3,0,3,2,0,0,1
Alex Munis,28 WINS,11 LOSSES,11,2,13,2,0,0,0,5,1,1,4,0,0,0
Alexander Trans,70 WINS,20 LOSSES,34,7,26,2,0,0,0,11,4,2,3,0,0,0
Alexandre Cavaliere,47 WINS,39 LOSSES,18,8,15,6,0,0,0,16,5,13,3,2,0,0
Alexandre “Soca” Freitas,28 WINS,13 LOSSES,9,0,19,0,0,0,0,11,0,2,0,0,0,0
Alexandre de Jesus,42 WINS,16 LOSSES,18,3,16,3,0,0,2,4,2,7,3,0,0,0
Alexandre Molinaro,102 WINS,50 LOSSES,75,6,16,4,0,0,1,19,2,25,3,0,0,1
Alexandre Ribeiro,162 WINS,42 LOSSES,62,11,79,9,0,0,1,19,9,6,6,0,0,0
Alexandre Vieira,47 WINS,32 LOSSES,0,0,46,1,0,0,0,15,4,11,1,0,0,0
Alexis Alduncin,38 WINS,36 LOSSES,14,2,18,3,0,1,0,18,2,15,1,0,0,0
Alex Sodré,59 WINS,18 LOSSES,28,1,25,4,1,0,0,11,3,2,2,0,0,0
Ali Monfaradi,66 WINS,34 LOSSES,41,7,17,0,0,0,1,15,5,13,0,1,0,0
Amanda Leve,3 WINS,4 LOSSES,0,0,1,2,0,0,0,0,0,1,3,0,0,0
Amaury Bitetti,8 WINS,2 LOSSES,6,2,0,0,0,0,0,2,0,0,0,0,0,0
Anderson Munis,14 WINS,9 LOSSES,6,2,3,2,0,0,0,3,1,1,2,1,0,0
André Galvão,157 WINS,27 LOSSES,59,11,73,9,3,0,0,14,4,4,4,1,0,0
André Góis,23 WINS,12 LOSSES,9,0,13,1,0,0,0,4,1,5,1,0,0,1
André Porfirio,51 WINS,17 LOSSES,16,8,21,4,0,2,0,3,2,10,2,0,0,0
Andrew Wiltse,12 WINS,2 LOSSES,4,1,4,2,1,0,0,0,0,1,1,0,0,0
Andy Murasaki,5 WINS,2 LOSSES,0,1,2,2,0,0,0,1,0,0,1,0,0,0
Angelo Claiborne,8 WINS,3 LOSSES,2,2,3,1,0,0,0,1,0,2,0,0,0,0
Anna Rodrigues,42 WINS,3 LOSSES,17,7,9,6,0,0,3,1,0,0,2,0,0,0
Antonio Carlos Junior,18 WINS,8 LOSSES,8,1,8,0,0,1,0,5,0,3,0,0,0,0
Nino Schembri,19 WINS,7 LOSSES,6,1,12,0,0,0,0,2,1,2,0,1,0,0
Antonio Braga Neto,56 WINS,22 LOSSES,30,5,18,2,0,0,1,9,1,10,1,0,0,1
Arthur Detânico,16 WINS,10 LOSSES,3,0,13,0,0,0,0,5,2,2,0,0,0,1
Ary Farias,31 WINS,11 LOSSES,17,4,8,1,1,0,0,4,5,0,2,0,0,0
Arya Esfandmaz,22 WINS,16 LOSSES,11,0,11,0,0,0,0,12,0,3,1,0,0,0
Ashley Williams,36 WINS,12 LOSSES,12,1,15,7,1,0,0,6,1,1,1,0,3,0
Augusto Mendes “Tanquinho”,69 WINS,30 LOSSES,31,7,17,9,2,0,3,14,6,4,6,0,0,0
Austin Baker,26 WINS,12 LOSSES,6,3,16,0,0,0,0,10,1,0,0,0,0,0
Baret Yoshida,59 WINS,26 LOSSES,4,0,49,4,0,1,0,14,2,3,5,1,1,0
Bernardo Faria,95 WINS,26 LOSSES,45,1,49,0,0,0,0,13,3,10,0,0,0,0
Bibiano Fernandes,18 WINS,2 LOSSES,7,1,10,0,0,0,0,2,0,0,0,0,0,0
Bill “The Grill” Cooper,48 WINS,31 LOSSES,9,3,34,0,0,2,0,12,2,14,2,0,0,1
Brandon Walensky,27 WINS,23 LOSSES,4,0,23,0,0,0,0,14,0,8,0,0,1,0
Brenda Larissa,27 WINS,10 LOSSES,21,2,4,0,0,0,0,4,2,3,1,0,0,0
Bianca Basílio,90 WINS,35 LOSSES,27,5,51,5,0,0,2,14,4,9,4,0,1,0
BJ Penn,4 WINS,0 LOSSES,3,0,1,0,0,0,0,0,0,0,0,0,0,0
Brandon Mullins “Wolverine”,8 WINS,9 LOSSES,5,0,3,0,0,0,0,4,0,5,0,0,0,0
Braulio Estima,59 WINS,21 LOSSES,17,4,37,0,0,0,0,10,3,5,2,1,0,0
Brian Giorgio,8 WINS,5 LOSSES,4,0,3,0,0,0,0,1,0,3,1,0,0,0
Bruno Frazatto,50 WINS,28 LOSSES,27,10,10,3,0,0,0,14,1,5,6,2,0,0
Bruno Lima,29 WINS,22 LOSSES,20,1,8,0,0,0,0,9,4,4,3,0,0,1
Bruno Malfacine,67 WINS,12 LOSSES,15,7,41,4,0,0,0,8,2,1,1,0,0,0
José Bruno Matias,28 WINS,12 LOSSES,10,1,14,2,0,1,0,4,3,4,1,0,0,0
Caio Caetano,36 WINS,23 LOSSES,13,2,17,3,0,0,0,8,2,11,2,0,0,0
Caio Paganini,7 WINS,1 LOSSES,0,0,7,0,0,0,0,1,0,0,0,0,0,0
Carlos Vieira Holanda “Esquisito”,22 WINS,18 LOSSES,16,3,1,2,0,0,0,5,7,3,2,0,0,1
Catriel Oliveira,13 WINS,2 LOSSES,9,0,4,0,0,0,0,0,0,1,1,0,0,0
Cássio Cardoso,7 WINS,0 LOSSES,5,0,2,0,0,0,0,0,0,0,0,0,0,0
Cleber Sousa,71 WINS,34 LOSSES,32,3,31,5,0,0,0,22,4,6,2,0,0,0
Celso “Celsinho” Venicius,57 WINS,26 LOSSES,32,7,10,7,0,0,0,7,8,2,7,1,0,1
Chad Hardy,23 WINS,9 LOSSES,3,0,19,0,0,0,1,3,0,6,0,0,0,0
Charles Negromonte,88 WINS,31 LOSSES,34,7,38,7,0,0,2,19,5,3,4,0,0,0
Clark Gracie,36 WINS,31 LOSSES,9,1,22,4,0,0,0,24,0,6,1,0,0,0
Claudio Calasans,132 WINS,55 LOSSES,52,24,41,8,5,0,2,29,4,13,6,1,0,2
Claudio Silva,6 WINS,0 LOSSES,2,0,3,1,0,0,0,0,0,0,0,0,0,0
Claudio Mattos “Caloquinha”,63 WINS,23 LOSSES,29,7,20,6,0,0,1,9,4,5,2,2,0,1
Cleito Soares Junior,12 WINS,4 LOSSES,7,3,1,0,1,0,0,2,0,1,0,0,0,1
Cole Franson,29 WINS,23 LOSSES,9,1,15,4,0,0,0,11,4,3,5,0,0,0
Craig Jones,51 WINS,16 LOSSES,2,0,41,6,0,2,0,6,0,3,1,2,4,0
Damion Oranday,22 WINS,17 LOSSES,2,2,18,0,0,0,0,5,2,9,1,0,0,0
Daniel Amorim Junior,11 WINS,6 LOSSES,6,0,5,0,0,0,0,1,1,3,0,1,0,0
Daniel Diniz,12 WINS,14 LOSSES,4,4,2,1,1,0,0,4,6,2,2,0,0,0
Daniel Maira,12 WINS,11 LOSSES,4,1,7,0,0,0,0,5,1,4,0,0,0,1
Daniel Maira,12 WINS,11 LOSSES,4,1,7,0,0,0,0,5,1,4,0,0,0,1
Daniel Moraes,80 WINS,22 LOSSES,57,3,14,4,1,0,0,15,2,2,1,0,0,2
Dan Borovic,12 WINS,5 LOSSES,1,0,10,0,1,0,0,4,0,1,0,0,0,0
Danilo Moreira,22 WINS,15 LOSSES,9,2,9,1,0,0,1,6,2,3,4,0,0,0
Dante Leon,87 WINS,38 LOSSES,21,7,54,5,0,0,0,15,4,9,10,0,0,0
Davi Cabral,25 WINS,8 LOSSES,13,0,11,1,0,0,0,3,1,4,0,0,0,0
Davi Ramos,47 WINS,28 LOSSES,17,1,26,3,0,0,0,13,3,7,3,0,0,2
David Garmo,59 WINS,39 LOSSES,8,2,44,4,0,0,1,13,3,19,2,0,2,0
David Terrell,9 WINS,1 LOSSES,6,0,2,0,1,0,0,0,0,0,1,0,0,0
Darragh O’Conaill,61 WINS,35 LOSSES,30,2,26,0,0,2,0,18,6,8,2,0,1,0
Dean Lister “The Boogeyman”,25 WINS,15 LOSSES,5,0,19,1,0,0,0,10,0,3,2,0,0,0
Demian Maia,24 WINS,11 LOSSES,13,2,7,1,1,0,0,6,2,1,1,1,0,0
Devhonte Johnson,57 WINS,26 LOSSES,22,7,13,14,1,0,0,7,3,4,9,2,0,1
Diego Ramalho,175 WINS,60 LOSSES,74,27,59,10,1,0,3,18,8,22,12,0,0,0
Diego “Pato” Oliveira,66 WINS,8 LOSSES,29,6,23,8,0,0,0,3,2,2,1,0,0,0
Diego Sodré,7 WINS,5 LOSSES,4,3,0,0,0,0,0,3,1,1,0,0,0,0
Dillon Danis,18 WINS,16 LOSSES,3,2,11,1,0,1,0,7,2,1,2,2,1,0
Diogo Sampaio “Moreno”,49 WINS,33 LOSSES,29,4,10,5,0,0,1,13,7,4,7,1,0,0
Diogo Reis,35 WINS,4 LOSSES,24,1,9,1,0,0,0,2,0,1,1,0,0,0
DJ Jackson,92 WINS,39 LOSSES,41,15,24,9,1,1,0,12,8,1,11,6,1,0
Deandre Corbe,34 WINS,16 LOSSES,11,4,15,4,0,0,0,12,0,3,1,0,0,0
Dominique Bell,32 WINS,9 LOSSES,10,5,17,0,0,0,0,4,2,0,3,0,0,0
Dominyka Obelenyte,20 WINS,1 LOSSES,7,2,8,3,0,0,0,0,0,0,1,0,0,0
Eduardo Avelar,45 WINS,27 LOSSES,15,3,25,2,0,0,0,7,2,14,3,0,0,0
Eduardo Avelar,45 WINS,27 LOSSES,15,3,25,2,0,0,0,7,2,14,3,0,0,0
Eduardo Barboza,11 WINS,9 LOSSES,3,2,2,2,1,0,0,2,1,5,1,0,0,0
Eduardo Lopes,21 WINS,7 LOSSES,9,1,10,1,0,0,0,3,1,3,0,0,0,0
Eduardo Telles,40 WINS,41 LOSSES,19,4,16,0,0,1,0,17,11,10,2,1,0,0
Eduardo Tinoco,9 WINS,3 LOSSES,3,1,5,0,0,0,0,3,0,0,0,0,0,0
Eddie Cummings,25 WINS,3 LOSSES,0,0,21,4,0,0,0,0,0,1,0,1,1,0
Edwin Najmi,54 WINS,27 LOSSES,5,6,29,11,0,1,0,8,5,6,7,1,0,0
Junny Ocasio,26 WINS,11 LOSSES,7,0,11,6,1,0,1,5,1,2,3,0,0,0
Eldar “Yakuza” Rafigaev,99 WINS,27 LOSSES,16,0,76,5,0,0,2,18,2,6,0,0,0,1
Elisabeth Clay,26 WINS,11 LOSSES,1,0,23,2,0,0,0,5,0,1,5,0,0,0
Emilio Hernandez,43 WINS,46 LOSSES,9,1,30,2,1,0,0,21,0,24,1,0,0,0
Endres Barbosa,20 WINS,5 LOSSES,4,2,13,1,0,0,0,2,0,2,0,0,0,0
Eric Phan,11 WINS,6 LOSSES,5,2,3,0,0,0,1,2,2,0,2,0,0,0
Erich Munis,35 WINS,2 LOSSES,21,2,11,1,0,0,0,1,1,0,0,0,0,0
Erin Harpe,4 WINS,2 LOSSES,0,0,1,3,0,0,0,0,0,0,2,0,0,0
Espen Mathiesen,35 WINS,15 LOSSES,4,4,25,1,0,0,1,6,3,4,1,1,0,0
Estevan Martinez,29 WINS,28 LOSSES,3,0,23,2,0,1,0,19,2,5,1,0,1,0
Ethan Crelinsten,34 WINS,12 LOSSES,5,0,21,1,0,6,0,4,0,2,4,0,2,0
Fábio Alano,10 WINS,3 LOSSES,2,0,5,1,0,0,2,0,1,2,0,0,0,0
Fabio Caloi,67 WINS,34 LOSSES,18,12,33,4,0,0,0,20,4,8,0,1,0,0
Fabricio Andrey,37 WINS,5 LOSSES,19,1,17,0,0,0,0,3,1,1,0,0,0,0
Fabricio Werdum,32 WINS,13 LOSSES,20,0,12,0,0,0,0,9,0,3,1,0,0,0
Ffion Davies,42 WINS,8 LOSSES,9,2,30,1,0,0,0,1,0,6,1,0,0,0
Felipe Bezerra,26 WINS,22 LOSSES,13,6,2,2,1,0,1,8,2,7,5,0,0,0
Felipe Cesar,143 WINS,69 LOSSES,72,12,54,4,1,0,0,29,17,17,4,1,0,1
Felipe Pena “Preguiça”,147 WINS,20 LOSSES,61,7,74,3,0,0,1,7,5,5,3,0,0,0
Felipe Linhares,19 WINS,18 LOSSES,8,4,6,1,0,0,0,9,3,4,1,1,0,0
Fellipe Andrew,129 WINS,26 LOSSES,35,5,82,4,0,0,2,5,1,16,3,0,0,1
Fellipe Trovo,64 WINS,35 LOSSES,19,4,34,5,0,0,1,19,5,7,4,0,0,0
Frank Rosenthal,24 WINS,11 LOSSES,5,0,11,0,0,8,0,4,1,4,2,0,0,0
Fernando “Tererê”,37 WINS,12 LOSSES,22,2,12,1,0,0,0,8,1,2,0,0,0,1
Fernando Pontes “Margarida”,34 WINS,10 LOSSES,12,2,19,0,0,0,0,8,0,1,0,1,0,0
Fernando Vieira,17 WINS,6 LOSSES,7,1,9,0,0,0,0,2,3,1,0,0,0,0
Flávio Junqueira,13 WINS,7 LOSSES,6,0,7,0,0,0,0,4,1,2,0,0,0,0
Flavio Vianna,14 WINS,12 LOSSES,4,7,2,1,0,0,0,9,1,0,1,0,0,1
Francisco Cuneo,37 WINS,32 LOSSES,23,5,8,1,0,0,0,19,3,9,1,0,0,0
Gabriel Almeida,66 WINS,36 LOSSES,12,3,37,12,1,1,0,10,1,14,9,0,1,0
Gabriel Arges,89 WINS,23 LOSSES,31,15,33,10,0,0,0,8,2,4,5,1,0,3
Gabriel Costa “Maranhão”,20 WINS,12 LOSSES,8,0,9,3,0,0,0,8,0,4,0,0,0,0
Gabriel Figueiró,20 WINS,7 LOSSES,6,2,10,2,0,0,0,3,0,3,1,0,0,0
Gabriel Gaudio,9 WINS,8 LOSSES,7,0,2,0,0,0,0,7,0,1,0,0,0,0
Gabriel Henrique Oliveira,13 WINS,7 LOSSES,6,1,5,0,0,0,0,3,0,1,3,0,0,0
Gabriel Lucas,56 WINS,40 LOSSES,35,9,7,5,0,0,0,20,7,6,7,0,0,0
Gabriel Marangoni,79 WINS,37 LOSSES,32,2,42,2,0,0,0,19,6,9,3,0,0,0
Gabriel Moraes,24 WINS,13 LOSSES,15,2,4,3,0,0,0,9,1,1,1,0,0,0
Gabriel Rollo,84 WINS,38 LOSSES,34,13,29,5,2,0,0,17,8,7,5,1,0,0
Gabriel Vella,19 WINS,7 LOSSES,10,3,4,2,0,0,0,6,1,0,0,0,0,0
Gabriel Sousa,105 WINS,28 LOSSES,50,11,32,11,0,0,0,8,2,10,7,1,0,0
Gabrieli Pessanha,53 WINS,5 LOSSES,27,2,20,3,0,0,1,4,0,0,0,0,0,0
Gabrielle Garcia,71 WINS,9 LOSSES,25,5,37,3,1,0,0,2,0,2,4,1,0,0
Garry Tonon,71 WINS,25 LOSSES,6,1,49,7,2,4,0,17,1,4,1,1,1,0
Gerard Labinski,31 WINS,17 LOSSES,17,2,11,1,0,0,0,10,0,3,4,0,0,0
Jerry Rinaldi,5 WINS,3 LOSSES,4,0,1,0,0,0,0,2,0,1,0,0,0,0
Giancarlo Bodoni,25 WINS,14 LOSSES,6,2,16,1,0,0,0,4,2,4,4,0,0,0
Gilbert Burns “Durinho”,44 WINS,19 LOSSES,26,2,11,3,0,1,0,7,1,6,3,1,1,0
Gilson Nunes,76 WINS,24 LOSSES,26,7,42,0,0,0,1,14,4,3,3,0,0,0
Gordon Ryan,89 WINS,5 LOSSES,3,2,73,4,1,5,0,4,0,1,0,0,0,0
Grace Gundrum,4 WINS,2 LOSSES,0,0,3,1,0,0,0,0,0,0,2,0,0,0
Gregor Gracie,31 WINS,21 LOSSES,15,4,9,1,1,0,1,8,1,9,2,0,0,0
Guilherme Cordiviola,21 WINS,15 LOSSES,4,7,6,4,0,0,0,3,1,7,3,0,0,0
Guilherme Mendes,42 WINS,8 LOSSES,14,5,22,1,0,0,0,3,2,1,2,0,0,0
Guilherme Rocha,35 WINS,19 LOSSES,19,6,9,1,0,0,0,6,4,5,4,0,1,0
Gunnar Nelson,4 WINS,5 LOSSES,3,0,1,0,0,0,0,3,0,1,1,0,0,0
Gutemberg Pereira,45 WINS,14 LOSSES,14,7,21,2,0,0,1,6,1,4,3,0,0,0
Guthierry Barbosa,50 WINS,13 LOSSES,25,3,20,2,0,0,0,7,1,4,1,0,0,0
Gustavo “Guto” Campos,29 WINS,15 LOSSES,17,4,7,1,0,0,0,4,2,8,0,0,0,1
Gustavo Maron,8 WINS,2 LOSSES,5,0,3,0,0,0,0,1,0,0,0,0,0,0
Gustavo Batista,92 WINS,16 LOSSES,40,4,31,16,0,0,0,5,4,2,5,0,0,0
Gyalisson Freitas,16 WINS,20 LOSSES,7,0,7,2,0,0,0,10,2,8,0,0,0,0
Harryson Pereira,35 WINS,20 LOSSES,15,1,18,1,0,0,0,9,5,5,1,0,0,0
Master Helio Gracie,8 WINS,2 LOSSES,0,0,8,0,0,0,0,0,0,2,0,0,0,0
Helton Jose Junior,96 WINS,57 LOSSES,48,16,16,14,0,0,2,22,11,8,13,2,0,0
Henrique Cardoso,69 WINS,30 LOSSES,25,2,40,2,0,0,0,13,2,10,3,0,0,1
Hiago Gama,17 WINS,10 LOSSES,4,7,4,2,0,0,0,5,1,1,1,0,0,2
Higor Lima,23 WINS,7 LOSSES,13,0,10,0,0,0,0,5,0,2,0,0,0,0
Horlando Monteiro,102 WINS,26 LOSSES,25,8,66,2,0,1,0,8,4,11,3,0,0,0
Hugo Marques,68 WINS,19 LOSSES,30,7,19,12,0,0,0,5,1,7,5,1,0,0
Hunter Ewald,4 WINS,6 LOSSES,2,2,0,0,0,0,0,2,0,3,0,0,0,0
Hygor Brito,59 WINS,34 LOSSES,22,4,28,4,0,1,0,13,6,8,5,1,1,0
Ian Sanders,7 WINS,4 LOSSES,3,2,2,0,0,0,0,2,0,2,0,0,0,0
Igor Feliz,7 WINS,1 LOSSES,4,1,2,0,0,0,0,0,0,1,0,0,0,0
Igor Silva,75 WINS,42 LOSSES,21,6,39,9,0,0,0,13,4,21,2,0,0,0
Igor Paiva,28 WINS,15 LOSSES,15,3,5,5,0,0,0,8,2,5,0,0,0,0
Igor Schneider,83 WINS,49 LOSSES,57,7,14,5,0,0,0,19,6,19,5,0,0,0
Igor Tanabe,18 WINS,0 LOSSES,3,0,14,0,0,1,0,0,0,0,0,0,0,0
Igor Veríssimo,21 WINS,12 LOSSES,9,3,7,1,1,0,0,5,0,5,1,0,0,1
Inacio Neto,49 WINS,30 LOSSES,24,5,19,1,0,0,0,11,5,11,2,0,0,0
Ingridd Alves,37 WINS,5 LOSSES,18,0,15,3,1,0,0,4,0,1,0,0,0,0
Israel Sousa Almeida,44 WINS,9 LOSSES,25,1,17,1,0,0,0,7,0,0,2,0,0,0
Italo Moura,29 WINS,17 LOSSES,13,1,11,3,0,0,1,8,6,1,2,0,0,0
Isaque Bahiense,143 WINS,18 LOSSES,68,12,45,12,2,0,2,5,3,7,3,0,0,0
Inseong Jang,14 WINS,7 LOSSES,9,2,3,0,0,0,0,3,1,2,1,0,0,0
Jackson Douglas,17 WINS,21 LOSSES,4,2,6,5,0,0,0,7,1,9,3,0,0,0
Jackson Sousa,147 WINS,62 LOSSES,76,17,44,7,1,0,2,21,7,22,12,0,0,0
Jackson Nagai,10 WINS,5 LOSSES,1,1,8,0,0,0,0,3,0,0,2,0,0,0
Jake Ferrara,4 WINS,2 LOSSES,0,0,3,0,0,0,0,2,0,0,0,0,0,0
Jake Watson,47 WINS,21 LOSSES,14,1,19,7,2,0,4,11,2,7,1,0,0,0
Jakub Zajkowski,27 WINS,5 LOSSES,6,1,20,0,0,0,0,5,0,0,0,0,0,0
Jason Rau,46 WINS,11 LOSSES,2,0,41,3,0,0,0,5,0,3,0,0,3,0
Jeferson Guaresi,30 WINS,13 LOSSES,11,4,9,6,0,0,0,5,0,2,6,0,0,0
Jefferson Moura,11 WINS,4 LOSSES,1,1,8,0,0,0,0,3,1,0,0,0,0,0
Jake Shields,13 WINS,10 LOSSES,3,0,2,4,0,4,0,3,0,3,2,0,2,0
James Puopolo,60 WINS,58 LOSSES,18,0,40,2,0,0,0,22,5,26,5,0,0,0
Jean Jacques Machado,17 WINS,7 LOSSES,5,0,11,1,0,0,0,4,1,0,1,1,0,0
Jeff Glover,34 WINS,17 LOSSES,8,2,23,1,0,0,0,11,2,1,1,0,2,0
Jeremy Jackson,27 WINS,20 LOSSES,11,0,15,0,1,0,0,14,1,3,2,0,0,0
Jeremy Skinner,1 WINS,0 LOSSES,0,0,1,0,0,0,0,0,0,0,0,0,0,0
Jessa Khan,8 WINS,8 LOSSES,3,0,4,1,0,0,0,2,1,5,0,0,0,0
Jesse Urholin,15 WINS,4 LOSSES,12,1,1,1,0,0,0,0,1,1,2,0,0,0
João Assis,51 WINS,20 LOSSES,23,2,20,4,0,0,1,7,0,8,5,0,0,0
João Cizeski,5 WINS,7 LOSSES,1,0,3,1,0,0,0,2,1,3,1,0,0,0
João Costa,4 WINS,3 LOSSES,0,1,2,0,0,0,1,0,0,2,1,0,0,0
João Mendes,39 WINS,18 LOSSES,20,8,7,4,0,0,0,5,4,8,1,0,0,0
João Miyao,216 WINS,24 LOSSES,84,10,112,4,1,0,4,12,7,0,3,0,2,0
João Gabriel Rocha,97 WINS,36 LOSSES,38,12,42,5,0,0,0,17,4,10,3,2,0,0
João Paulo Neto,32 WINS,9 LOSSES,13,4,13,2,0,0,0,3,3,2,1,0,0,0
Jorge Patino “Macaco”,7 WINS,7 LOSSES,4,0,2,1,0,0,0,4,0,2,0,0,0,0
John Combs,69 WINS,50 LOSSES,10,1,50,7,0,1,0,18,1,23,6,0,2,0
John Salter,10 WINS,3 LOSSES,7,0,1,1,1,0,0,0,0,1,1,1,0,0
Johnif Rocha,3 WINS,0 LOSSES,2,0,0,1,0,0,0,0,0,0,0,0,0,0
Johnny Tama,78 WINS,56 LOSSES,25,6,38,9,0,0,0,24,10,8,10,0,1,0
Jon Blank,11 WINS,8 LOSSES,1,0,8,2,0,0,0,3,0,3,2,0,0,0
Jonata Gomes,23 WINS,6 LOSSES,9,4,9,1,0,0,0,5,1,0,0,0,0,0
Johnatha Alves,47 WINS,7 LOSSES,17,1,24,4,0,0,0,3,2,0,2,0,0,0
Jon Calestine,12 WINS,5 LOSSES,0,0,10,1,0,1,0,4,0,0,1,0,0,0
Jonathan Thomas,15 WINS,5 LOSSES,5,0,10,0,0,0,0,1,1,1,2,0,0,0
Jonas Andrade,57 WINS,14 LOSSES,20,5,27,3,1,0,0,7,3,2,1,0,0,1
Jonnatas Gracie,29 WINS,14 LOSSES,9,1,9,8,0,2,0,3,0,6,3,0,2,0
Jordan Vaisman,6 WINS,3 LOSSES,2,2,1,0,0,0,0,2,0,0,1,0,0,0
Jose Carlos,12 WINS,2 LOSSES,3,0,9,0,0,0,0,0,0,2,0,0,0,0
José Mario Sperry,17 WINS,5 LOSSES,7,1,8,1,0,0,0,3,1,0,0,1,0,0
Joe Dierkhising,10 WINS,7 LOSSES,0,0,9,1,0,0,0,5,1,1,0,0,0,0
Josh Hinger,115 WINS,36 LOSSES,21,4,77,8,1,2,0,12,3,17,3,0,1,0
Josh Cisneros,24 WINS,8 LOSSES,5,4,12,3,0,0,0,3,0,3,1,0,0,0
Juan Caio Kamezawa,21 WINS,14 LOSSES,11,1,9,0,0,0,0,6,4,2,2,0,0,0
Júlio dos Anjos,34 WINS,19 LOSSES,11,5,15,3,0,0,0,9,3,4,3,0,0,0
Jurandir Conceição,34 WINS,27 LOSSES,11,2,21,0,0,0,0,13,4,9,0,0,0,1
Justin Rader,26 WINS,13 LOSSES,15,2,5,4,0,0,0,3,2,5,3,0,0,0
JT Torres,86 WINS,28 LOSSES,31,6,41,3,3,0,2,16,9,3,0,0,0,0
Kauan Barboza,34 WINS,22 LOSSES,12,6,9,2,0,0,5,7,1,8,6,0,0,0
Keenan Cornelius,183 WINS,34 LOSSES,54,5,113,9,0,0,2,20,3,3,6,0,0,2
Keith Krikorian,31 WINS,9 LOSSES,4,0,23,0,0,4,0,2,0,4,1,0,2,0
Kade Ruotolo,17 WINS,2 LOSSES,3,0,8,5,0,0,0,0,0,2,0,0,0,0
Kaynan Duarte,108 WINS,15 LOSSES,43,10,41,14,0,0,0,2,1,6,5,1,0,0
Kennedy Maciel,59 WINS,15 LOSSES,21,3,29,5,0,1,0,4,2,2,5,1,1,0
Kieran Kichuk,41 WINS,11 LOSSES,4,1,33,0,0,3,0,4,1,3,2,0,0,0
Kit Dale,30 WINS,17 LOSSES,16,0,11,2,0,0,0,7,1,7,2,0,0,0
Kody Steele,16 WINS,8 LOSSES,4,0,2,8,1,1,0,1,0,2,4,0,1,0
Kron Gracie,29 WINS,11 LOSSES,1,1,23,2,1,0,1,7,1,3,0,0,0,0
Kayron Gracie,14 WINS,5 LOSSES,8,1,5,0,0,0,0,1,0,4,0,0,0,0
Kyle Boehm,16 WINS,4 LOSSES,0,0,9,0,1,6,0,2,0,1,1,0,0,0
Lachlan Giles,36 WINS,17 LOSSES,6,3,23,3,0,1,0,5,3,6,3,0,0,0
Leandro Lo,262 WINS,38 LOSSES,167,31,53,7,0,0,3,12,10,10,5,0,0,0
Leon Brito,25 WINS,13 LOSSES,10,1,12,1,0,0,1,8,0,4,1,0,0,0
Leon Larman,36 WINS,15 LOSSES,8,1,24,3,0,0,0,7,1,3,2,0,0,2
Levi Jones-Leary,30 WINS,9 LOSSES,13,3,7,5,1,0,1,4,1,2,1,0,0,1
Lívio Ribeiro,37 WINS,4 LOSSES,14,7,12,1,0,0,3,1,2,0,1,0,0,0
Luca Anacoreta,86 WINS,31 LOSSES,26,4,55,0,1,0,0,16,5,9,0,0,0,1
Leonardo Lara,48 WINS,27 LOSSES,17,4,25,2,0,0,0,12,3,6,5,1,0,0
Leonardo Leite,20 WINS,13 LOSSES,14,1,4,1,0,0,0,6,0,6,1,0,0,0
Leonardo Nogueira,57 WINS,25 LOSSES,33,4,17,3,0,0,0,13,6,5,1,0,0,0
Leonardo Saggioro,89 WINS,41 LOSSES,37,6,34,10,1,0,1,17,7,7,10,0,0,0
Leonardo Santos,18 WINS,9 LOSSES,9,0,9,0,0,0,0,1,3,3,0,2,0,0
Leonardo Silva,15 WINS,14 LOSSES,8,2,3,2,0,0,0,3,3,6,2,0,0,0
Leo Vieira,41 WINS,13 LOSSES,25,2,12,2,0,0,0,4,2,4,2,1,0,0
Luan Andrei,16 WINS,13 LOSSES,8,0,7,0,0,0,1,1,0,12,0,0,0,0
Luan Azevedo,13 WINS,3 LOSSES,6,3,1,3,0,0,0,1,0,1,0,1,0,0
Luan Carvalho,101 WINS,29 LOSSES,48,9,30,13,0,0,0,7,8,7,5,0,0,2
Lucas Alves,22 WINS,16 LOSSES,8,2,10,1,0,0,1,10,1,5,0,0,0,0
Lucas Gualberto,36 WINS,6 LOSSES,24,2,5,5,0,0,0,4,1,1,0,0,0,0
Lucas Lepri,111 WINS,29 LOSSES,41,9,55,4,1,0,0,17,7,2,3,0,0,0
Lucas Rocha,45 WINS,34 LOSSES,28,1,12,3,0,0,1,15,5,10,1,1,2,0
Lucas “Hulk” Barbosa,180 WINS,38 LOSSES,74,20,70,14,0,1,0,18,5,5,7,1,1,0
Lucas Pinheiro,87 WINS,34 LOSSES,35,7,42,3,0,0,0,13,3,9,9,0,0,0
Lucas Protasio,16 WINS,5 LOSSES,12,0,3,1,0,0,0,3,0,1,0,0,0,1
Lucas Leite,58 WINS,26 LOSSES,34,6,12,6,0,0,0,15,3,8,0,0,0,0
Lucas Norat,9 WINS,10 LOSSES,4,1,3,1,0,0,0,3,2,3,2,0,0,0
Lucas Valente,43 WINS,9 LOSSES,7,5,26,5,0,0,0,5,2,0,2,0,0,0
Lukete Silva,8 WINS,10 LOSSES,1,1,6,0,0,0,0,4,4,1,1,0,0,0
Luiz Panza,67 WINS,34 LOSSES,10,3,53,1,0,0,0,14,5,12,3,0,0,0
Luiz Paulo,31 WINS,8 LOSSES,16,0,12,1,0,0,1,6,1,1,0,0,0,0
Mackenzie Dern,75 WINS,25 LOSSES,14,7,45,7,2,0,0,15,2,8,0,0,0,0
Malachi Edmond,10 WINS,4 LOSSES,3,1,4,2,0,0,0,2,1,1,0,0,0,0
Manuel “Nelton” Pontes,31 WINS,21 LOSSES,17,4,9,1,0,0,0,13,5,1,1,1,0,0
Matheus Costa,39 WINS,27 LOSSES,12,3,23,1,0,0,0,11,2,12,0,0,0,1
Matheus Diniz,77 WINS,31 LOSSES,29,3,36,6,0,1,0,14,4,6,6,0,1,0
Matheus Felipe,27 WINS,14 LOSSES,12,2,8,2,2,0,1,9,1,1,2,1,0,0
Matheus Gabriel,37 WINS,9 LOSSES,14,3,16,3,1,0,0,3,0,1,5,0,0,0
Matheus Godoy,52 WINS,24 LOSSES,33,4,12,2,0,0,0,10,2,7,5,0,0,0
Matheus Gonzaga,12 WINS,9 LOSSES,5,3,3,1,0,0,0,5,2,2,0,0,0,0
Matheus Spirandeli,66 WINS,23 LOSSES,32,8,24,1,1,0,0,12,7,3,1,0,0,0
Matheus Luna,23 WINS,15 LOSSES,3,2,8,6,1,3,0,5,0,1,8,0,1,0
Matt Leighton,47 WINS,25 LOSSES,15,0,28,4,0,0,0,12,1,5,7,0,0,0
Marcelo Garcia,86 WINS,17 LOSSES,25,2,56,0,1,0,1,9,1,6,0,1,0,0
Marcelo Gomide,33 WINS,22 LOSSES,16,5,9,2,0,0,1,9,5,7,1,0,0,0
Marcelo Mafra,47 WINS,27 LOSSES,18,5,18,6,0,0,0,5,5,7,7,2,0,1
Márcio André,83 WINS,30 LOSSES,44,13,15,10,0,0,1,7,2,8,12,0,0,0
Marcio Cruz “Pe de Pano”,48 WINS,18 LOSSES,22,0,24,1,1,0,0,7,3,6,1,1,0,0
Marcio Corleta,13 WINS,11 LOSSES,2,1,10,0,0,0,0,6,2,2,1,0,0,0
Márcio Feitosa,32 WINS,10 LOSSES,23,4,3,1,1,0,0,4,4,1,0,1,0,0
Marcos “Petcho” Martins,62 WINS,17 LOSSES,17,7,33,2,0,0,2,13,2,1,0,0,0,1
Marcos Tinoco,78 WINS,31 LOSSES,37,10,23,6,1,0,1,12,7,10,2,0,0,0
Marcos Paulo Costa,40 WINS,29 LOSSES,28,5,5,1,1,0,0,14,8,4,2,1,0,0
Marcus “Buchecha” Almeida,138 WINS,14 LOSSES,53,9,72,3,1,0,0,5,2,4,2,1,0,0
Marcus Beddor,20 WINS,19 LOSSES,7,3,10,0,0,0,0,8,1,10,0,0,0,0
Marcus Phelan,18 WINS,9 LOSSES,7,0,9,2,0,0,0,6,0,1,1,1,0,0
Marcus Ribeiro,7 WINS,8 LOSSES,2,3,2,0,0,0,0,0,4,3,1,0,0,0
Margot Ciccarelli,17 WINS,7 LOSSES,11,1,3,2,0,0,0,2,3,1,1,0,0,0
Maria Eduarda “Duda” Tozoni,11 WINS,8 LOSSES,4,1,4,2,0,0,0,5,0,2,0,0,0,1
Mário Reis,58 WINS,24 LOSSES,25,5,26,1,0,0,0,10,3,8,2,0,0,1
Masahiro Iwasaki,30 WINS,26 LOSSES,25,4,1,0,0,0,0,6,5,12,3,0,0,0
Mason Fowler,25 WINS,2 LOSSES,3,0,9,4,0,9,0,1,0,1,0,0,0,0
Mathias Luna,32 WINS,23 LOSSES,12,3,12,4,1,0,0,10,2,4,3,2,0,2
Matt Serra,4 WINS,3 LOSSES,0,0,3,0,1,0,0,2,0,0,0,1,0,0
Maurício Oliveira Neto,30 WINS,5 LOSSES,20,2,5,3,0,0,0,0,0,1,3,1,0,0
Mayssa Bastos,69 WINS,7 LOSSES,20,5,35,6,0,3,0,3,4,0,0,0,0,0
Max Lindblad,51 WINS,20 LOSSES,23,3,23,2,0,0,0,7,7,4,2,0,0,0
Meyram Maquine,24 WINS,4 LOSSES,10,1,10,1,1,0,1,3,0,0,1,0,0,0
Micael Galvão,20 WINS,3 LOSSES,1,0,15,4,0,0,0,2,0,0,1,0,0,0
Michael Langhi,87 WINS,16 LOSSES,36,8,35,6,0,0,2,6,4,1,5,0,0,0
Michael Perez,20 WINS,16 LOSSES,5,3,6,6,0,0,0,6,3,4,2,1,0,0
Michael Trasso,15 WINS,15 LOSSES,9,3,2,1,0,0,0,7,2,5,1,0,0,0
Murilo Amaral,24 WINS,11 LOSSES,7,1,12,4,0,0,0,8,0,2,0,0,0,1
Murilo Santana,117 WINS,64 LOSSES,43,6,60,5,3,0,0,43,9,2,7,3,0,0
Natan Chueng,47 WINS,19 LOSSES,29,4,11,3,0,0,0,9,3,5,2,0,0,0
Nick Calvanese,18 WINS,11 LOSSES,8,0,7,3,0,0,0,1,2,4,4,0,0,0
Nicholas Meregali,49 WINS,12 LOSSES,7,4,36,1,0,0,1,9,1,0,2,0,0,0
Nick Rodriguez,20 WINS,7 LOSSES,5,0,8,5,1,1,0,2,0,1,3,0,1,0
Nick Salles,10 WINS,6 LOSSES,3,1,6,0,0,0,0,3,3,0,0,0,0,0
Nick Schrock,18 WINS,21 LOSSES,6,5,5,2,0,0,0,9,2,6,2,1,0,1
Nicky Ryan,6 WINS,3 LOSSES,2,0,2,2,0,0,0,2,0,0,1,0,0,0
Nisar Loynab,18 WINS,18 LOSSES,7,1,8,2,0,0,0,9,2,4,3,0,0,0
Nivaldo Oliveira,11 WINS,15 LOSSES,5,1,5,0,0,0,0,7,3,3,2,0,0,0
Nobuhiro Sawada,9 WINS,21 LOSSES,3,1,3,2,0,0,0,10,2,5,4,0,0,0
Oliver Taza,72 WINS,23 LOSSES,9,1,46,12,3,1,0,11,0,0,10,0,1,0
Otavio ‘Peixotinho’,5 WINS,3 LOSSES,4,0,1,0,0,0,0,2,0,1,0,0,0,0
Otavio Sousa,118 WINS,53 LOSSES,40,12,57,6,1,0,1,32,9,9,3,0,0,0
Orlando Sanchez,13 WINS,8 LOSSES,3,2,2,6,0,0,0,3,0,1,1,2,0,1
Pablo Lavaselli,46 WINS,16 LOSSES,18,8,15,5,0,0,0,9,2,1,4,0,0,0
Pablo Mantovani,54 WINS,20 LOSSES,30,1,20,2,0,0,1,15,2,0,3,0,0,0
Pablo Popovitch,41 WINS,12 LOSSES,31,3,5,2,0,0,0,6,0,5,1,0,0,0
PJ Barch,42 WINS,14 LOSSES,6,0,27,5,0,4,0,4,1,4,3,0,2,0
Paulo Gabriel,34 WINS,10 LOSSES,12,8,8,4,1,0,1,3,2,3,2,0,0,0
Paulo Miyao,205 WINS,25 LOSSES,105,19,71,8,0,1,0,8,8,0,8,0,0,1
Pedro Alex “Bombom”,28 WINS,10 LOSSES,14,0,9,3,0,0,2,6,0,1,3,0,0,0
Pedro Agrizzi,53 WINS,13 LOSSES,22,4,22,3,0,0,2,6,4,0,2,1,0,0
Pedro Crixel,2 WINS,0 LOSSES,2,0,0,0,0,0,0,0,0,0,0,0,0,0
Pedro Dias,41 WINS,24 LOSSES,31,5,1,2,1,0,1,6,7,5,5,0,0,0
Pedro Elias,19 WINS,15 LOSSES,10,1,8,0,0,0,0,6,0,3,5,1,0,0
Pedro Maia,9 WINS,3 LOSSES,6,0,3,0,0,0,0,1,0,0,2,0,0,0
Pedro Marinho,36 WINS,13 LOSSES,12,1,17,6,0,0,0,5,0,5,2,0,1,0
Pedro Ramalho,30 WINS,7 LOSSES,6,4,20,0,0,0,0,3,0,2,2,0,0,0
Pedro Henrique Rocha,25 WINS,16 LOSSES,6,1,15,2,0,0,1,6,1,8,0,1,0,0
Pedro Serrano,4 WINS,4 LOSSES,1,0,3,0,0,0,0,4,0,0,0,0,0,0
Pedro Veras,16 WINS,9 LOSSES,7,0,8,1,0,0,0,3,2,1,3,0,0,0
Perttu Tepponen,14 WINS,10 LOSSES,8,0,4,0,2,0,0,5,2,2,1,0,0,0
Philippe Pomaski,24 WINS,13 LOSSES,10,3,6,3,1,0,1,8,1,0,2,1,0,0
Rafael Mansur,59 WINS,33 LOSSES,25,8,14,9,0,0,1,18,6,4,5,0,0,0
Rafael Mendes,93 WINS,7 LOSSES,26,5,59,2,1,0,0,1,1,0,4,0,0,1
Rafael dos Anjos Torres,2 WINS,4 LOSSES,0,0,1,1,0,0,0,1,1,0,2,0,0,0
Rafael Lovato Jr,113 WINS,50 LOSSES,37,5,59,10,0,0,1,27,5,9,9,0,0,0
Rafael Paganini,36 WINS,18 LOSSES,9,3,23,0,0,0,1,11,1,1,3,1,0,0
Rafael Vasconcelos,55 WINS,42 LOSSES,26,4,14,6,1,0,4,18,4,12,7,1,0,0
Rafaela Guedes,23 WINS,2 LOSSES,4,3,9,7,0,0,0,0,0,0,2,0,0,0
Rani Yahya,18 WINS,7 LOSSES,11,0,7,0,0,0,0,3,0,4,0,0,0,0
Renato Canuto,65 WINS,23 LOSSES,32,8,19,5,1,0,0,13,3,2,4,1,0,0
Raul Basílio,13 WINS,13 LOSSES,4,3,4,2,0,0,0,9,1,2,1,0,0,0
Renato Cardoso,168 WINS,64 LOSSES,66,8,86,7,0,0,0,34,16,7,6,1,0,0
Renzo Gracie,14 WINS,5 LOSSES,5,3,4,2,0,0,0,5,0,0,0,0,0,0
Ricardo Abreu,12 WINS,7 LOSSES,5,0,7,0,0,0,0,2,1,4,0,0,0,0
Ricardo Almeida “Cachorrão”,13 WINS,8 LOSSES,6,0,7,0,0,0,0,4,0,1,1,2,0,0
Ricardo Arona,14 WINS,1 LOSSES,9,1,2,0,2,0,0,1,0,0,0,0,0,0
Ricardo Evangelista,109 WINS,55 LOSSES,47,14,35,12,0,0,1,19,6,22,7,1,0,0
Ricardo Libório,11 WINS,3 LOSSES,6,0,4,0,0,0,0,1,0,0,1,1,0,0
Ricardo Vieira,10 WINS,2 LOSSES,6,1,3,0,0,0,0,0,1,1,0,0,0,0
Richar Nogueira,71 WINS,28 LOSSES,30,11,25,5,0,0,0,8,8,8,3,0,0,1
Richard Alarcon,10 WINS,11 LOSSES,9,0,1,0,0,0,0,4,3,4,0,0,0,0
Rickson Gracie,10 WINS,0 LOSSES,0,0,10,0,0,0,0,0,0,0,0,0,0,0
Rida Haisam,36 WINS,16 LOSSES,4,1,26,5,0,0,0,5,1,9,1,0,0,0
Rider Zuchi,29 WINS,9 LOSSES,13,1,12,2,0,0,0,5,1,2,1,0,0,0
Rigan Machado,7 WINS,8 LOSSES,7,0,0,0,0,0,0,3,1,3,0,0,0,0
Robert “Degle” Diggle,19 WINS,4 LOSSES,2,0,17,0,0,0,0,1,0,0,1,2,0,0
Roberto “Tussa” Alencar,51 WINS,35 LOSSES,27,5,17,1,0,0,1,13,5,15,2,0,0,0
Roberto “Cyborg” Abreu,132 WINS,40 LOSSES,56,12,50,11,3,0,0,17,6,13,3,0,0,1
Roberto Jimenez,35 WINS,15 LOSSES,6,0,26,3,0,0,0,3,0,9,2,0,1,0
Roberto “Roleta” Magalhaes,21 WINS,8 LOSSES,7,4,8,2,0,0,0,5,2,1,0,0,0,0
Roberto Satoshi,61 WINS,15 LOSSES,21,3,37,0,0,0,0,10,1,2,0,0,0,0
Roberto Traven,11 WINS,3 LOSSES,9,0,1,0,1,0,0,2,0,1,0,0,0,0
Robson Moura,27 WINS,6 LOSSES,11,4,10,2,0,0,0,4,0,2,0,0,0,0
Rodolfo Vieira,97 WINS,12 LOSSES,23,7,63,4,0,0,0,8,2,2,0,0,0,0
Rodrigo Cavaca,53 WINS,38 LOSSES,19,5,25,2,0,0,2,20,5,12,1,0,0,0
Rodrigo “Akilis” Conceição,26 WINS,16 LOSSES,16,2,7,0,0,0,1,7,4,4,1,0,0,0
Rodrigo Caporal,17 WINS,37 LOSSES,9,2,5,1,0,0,0,22,1,8,5,0,0,1
Rodrigo Francioni,34 WINS,13 LOSSES,16,3,6,9,0,0,0,1,3,7,2,0,0,0
Rodrigo Gracie,9 WINS,2 LOSSES,2,0,5,1,1,0,0,2,0,0,0,0,0,0
Rodrigo “Comprido” Medeiros,25 WINS,21 LOSSES,13,2,9,0,1,0,0,13,1,6,1,0,0,0
Roiter Lima,13 WINS,6 LOSSES,8,2,2,0,0,0,1,2,1,2,1,0,0,0
Roger Gracie,76 WINS,7 LOSSES,12,1,62,1,0,0,0,5,2,0,0,0,0,0
Rolando Samson,19 WINS,8 LOSSES,11,0,7,0,0,0,0,4,1,2,0,1,0,0
Rolls Gracie,4 WINS,0 LOSSES,0,0,3,1,0,0,0,0,0,0,0,0,0,0
Rômulo Azevedo,23 WINS,18 LOSSES,15,1,7,0,0,0,0,9,4,5,0,0,0,0
Romulo Barral,107 WINS,41 LOSSES,32,6,61,6,0,0,2,25,2,8,6,0,0,0
Ronaldo Junior,59 WINS,14 LOSSES,24,2,29,2,1,0,0,5,1,2,3,1,1,0
Ronaldo Souza “Jacare”,47 WINS,6 LOSSES,19,0,27,0,1,0,0,4,1,1,0,0,0,0
Roosevelt Sousa,45 WINS,6 LOSSES,14,0,31,0,0,0,0,3,1,1,0,0,0,1
Ross Nicholls,66 WINS,18 LOSSES,12,4,39,11,0,0,0,7,0,5,5,1,0,0
Rousimar Palhares,4 WINS,5 LOSSES,0,0,4,0,0,0,0,3,0,0,2,0,0,0
Royler Gracie,34 WINS,6 LOSSES,19,4,10,1,0,0,0,3,0,2,1,0,0,0
Ruan Alvarenga,4 WINS,0 LOSSES,0,0,4,0,0,0,0,0,0,0,0,0,0,0
Rubens Charles “Cobrinha”,118 WINS,21 LOSSES,41,5,63,6,0,0,2,11,2,2,5,1,0,0
Rudson Mateus,62 WINS,22 LOSSES,11,7,37,7,0,0,0,6,8,3,4,0,0,1
Ryan Hall,16 WINS,8 LOSSES,8,0,8,0,0,0,0,6,0,2,0,0,0,0
Samir Chantre,112 WINS,58 LOSSES,39,12,49,9,2,0,1,31,5,17,5,0,0,0
Samuel Nagai,15 WINS,4 LOSSES,2,1,8,4,0,0,0,3,0,1,0,0,0,0
Santeri Lilius,48 WINS,27 LOSSES,16,2,27,2,0,0,0,8,1,15,3,0,0,0
Saulo Ribeiro,70 WINS,21 LOSSES,44,11,10,3,2,0,0,12,2,5,1,1,0,0
Seif-Eddine Houmine,30 WINS,10 LOSSES,11,0,16,3,0,0,0,6,1,3,0,0,0,0
Sebastian Brosche,19 WINS,22 LOSSES,8,0,11,0,0,0,0,8,2,11,1,0,0,0
Sebastian Rodriguez,15 WINS,2 LOSSES,8,1,4,1,0,0,1,1,0,1,0,0,0,0
Sergio Ardila-Ibarra,20 WINS,7 LOSSES,9,1,7,3,0,0,0,3,1,1,2,0,0,0
Sergio Moraes,24 WINS,11 LOSSES,12,3,9,0,0,0,0,6,3,2,0,0,0,0
Servio Tulio,36 WINS,18 LOSSES,14,1,18,2,1,0,0,7,4,4,2,0,0,1
Silvio Duran,76 WINS,39 LOSSES,33,8,25,8,0,0,2,11,13,11,3,1,0,0
Tácio Carneiro,2 WINS,3 LOSSES,0,0,1,1,0,0,0,2,0,1,0,0,0,0
Tainan Dalpra,36 WINS,1 LOSSES,10,0,25,0,0,0,0,0,0,0,1,0,0,0
Tarcisio Jardim,11 WINS,11 LOSSES,6,3,2,0,0,0,0,3,0,8,0,0,0,0
Tarsis Humphreys,61 WINS,49 LOSSES,31,3,20,5,1,0,1,25,8,7,7,1,0,0
Thalison Soares,12 WINS,4 LOSSES,3,1,7,1,0,0,0,1,1,0,1,0,0,1
Thamara Ferreira,25 WINS,10 LOSSES,7,0,16,2,0,0,0,5,2,3,0,0,0,0
Thiago Abud,17 WINS,16 LOSSES,10,3,0,2,0,0,2,4,2,9,1,0,0,0
Thiago Macedo,133 WINS,63 LOSSES,77,14,32,9,0,1,0,23,24,10,4,0,2,0
Thiago Sá Fortes,67 WINS,46 LOSSES,34,4,19,9,0,0,1,22,6,15,1,1,0,0
Tom Halpin,17 WINS,9 LOSSES,2,0,15,0,0,0,0,6,0,1,2,0,0,0
Thomas Lisboa,46 WINS,28 LOSSES,17,7,18,2,0,0,1,13,6,7,1,0,0,1
Tommy Langaker,96 WINS,24 LOSSES,19,7,66,2,1,0,1,11,1,10,1,0,0,1
Travis Stevens,2 WINS,4 LOSSES,1,0,1,0,0,0,0,0,0,3,1,0,0,0
Tye Ruotolo,13 WINS,6 LOSSES,2,0,3,8,0,0,0,3,0,1,2,0,0,0
Vagner Rocha,71 WINS,24 LOSSES,21,0,29,16,0,5,0,9,2,4,6,1,1,0
Valdir Araújo “BB Monstro”,31 WINS,30 LOSSES,23,2,4,2,0,0,0,17,1,3,9,0,0,0
Vannessa Griffin,8 WINS,5 LOSSES,1,1,5,0,1,0,0,2,1,1,1,0,0,0
Victor Estima,50 WINS,29 LOSSES,9,3,33,4,0,0,0,16,3,7,1,0,0,1
Victor Hugo,51 WINS,14 LOSSES,10,5,29,6,0,0,0,8,5,0,1,0,0,0
Victor Genovesi,29 WINS,12 LOSSES,8,1,19,1,0,0,0,5,4,3,0,0,0,0
Victor Nithael,18 WINS,8 LOSSES,10,4,3,0,0,0,1,7,0,0,1,0,0,0
Vinícius Ferreira,48 WINS,20 LOSSES,15,6,16,8,1,0,2,5,4,2,8,0,0,1
Vinny Magalhães,36 WINS,23 LOSSES,11,1,21,1,1,1,0,9,3,2,6,1,2,0
Vinicius Pereira,24 WINS,14 LOSSES,11,3,10,0,0,0,0,5,0,8,1,0,0,0
Victor Silverio,92 WINS,57 LOSSES,37,28,12,14,1,0,0,23,11,7,11,2,1,0
Vitor “Shaolin” Ribeiro,20 WINS,9 LOSSES,11,1,7,0,1,0,0,2,2,4,1,0,0,0
Vitor Henrique Oliveira,86 WINS,35 LOSSES,42,9,26,6,1,0,0,9,6,13,7,0,0,0
Wallace Costa,47 WINS,13 LOSSES,31,0,4,7,2,0,1,8,2,3,0,0,0,0
Waldyr Filho,4 WINS,6 LOSSES,2,1,1,0,0,0,0,1,3,0,2,0,0,0
Wallid Ismail,2 WINS,2 LOSSES,1,0,1,0,0,0,0,1,0,0,1,0,0,0
Wanki Chae,25 WINS,16 LOSSES,8,2,15,0,0,0,0,9,5,1,1,0,0,0
William Tackett,38 WINS,12 LOSSES,6,0,28,2,0,2,0,4,0,0,6,0,1,0
Willis Nunes,10 WINS,7 LOSSES,6,0,3,1,0,0,0,4,0,1,1,0,0,1
Yago de Souza,56 WINS,10 LOSSES,25,4,25,1,1,0,0,3,1,2,2,0,0,0
Yatan Bueno,26 WINS,6 LOSSES,11,0,14,0,0,0,0,3,0,3,0,0,0,0
Yara Soares,38 WINS,10 LOSSES,14,0,21,2,0,0,0,10,0,0,0,0,0,0
Ygor Rodrigues,71 WINS,25 LOSSES,38,5,25,2,0,0,0,10,3,10,1,1,0,0
Yuta Shimada,33 WINS,12 LOSSES,13,3,15,1,0,0,0,7,3,1,0,1,0,0
Yuri Hendrex,24 WINS,7 LOSSES,12,1,10,1,0,0,0,5,0,1,0,0,0,1
Yuri Simões,83 WINS,24 LOSSES,41,4,21,14,1,2,0,13,2,4,4,0,1,0
Gianni Grippo,214 WINS,62 LOSSES,115,16,62,17,0,3,0,22,14,6,19,1,0,0
Tim Spriggs,66 WINS,32 LOSSES,30,7,18,10,1,0,0,16,1,8,5,1,0,1
Eddie Bravo,2 WINS,1 LOSSES,0,0,2,0,0,0,0,1,0,0,0,0,0,0
AJ Agazarm,115 WINS,76 LOSSES,62,4,39,7,0,1,0,35,13,10,14,0,2,0
Patrick Gaudio,108 WINS,48 LOSSES,59,10,26,12,1,0,0,15,7,18,7,0,0,1
Jaime Canuto,180 WINS,57 LOSSES,61,24,75,19,0,0,1,27,11,9,10,0,0,0
Andris Brunovskis,39 WINS,13 LOSSES,10,4,23,1,0,0,1,6,2,2,2,0,0,1
Michael Liera Jr.,91 WINS,35 LOSSES,37,7,41,6,0,0,0,17,10,3,5,0,0,0
Erberth Santos,250 WINS,54 LOSSES,71,24,136,15,3,0,1,18,2,24,6,1,0,3
Ricardo Rezende,28 WINS,13 LOSSES,10,3,14,0,0,0,1,6,2,4,1,0,0,0
Alexandre “Café” Dantas,32 WINS,5 LOSSES,23,1,7,1,0,0,0,1,2,1,1,0,0,0
Dimitrius Souza,126 WINS,36 LOSSES,68,12,38,6,0,0,1,12,5,11,8,0,0,0
Geo Martinez,35 WINS,17 LOSSES,4,0,23,2,0,5,0,8,0,2,4,0,3,0
João Pedro “Somalia”,20 WINS,18 LOSSES,10,2,4,3,1,0,0,4,2,11,1,0,0,0
Guilherme Augusto,67 WINS,33 LOSSES,34,5,25,1,0,0,2,11,4,9,9,0,0,0
Guilherme Lambertucci,23 WINS,12 LOSSES,8,2,13,0,0,0,0,6,1,4,1,0,0,0
Osvaldo “Queixinho” Moizinho,140 WINS,49 LOSSES,68,14,39,13,0,0,6,23,6,13,7,0,0,0
Michael Musumeci,55 WINS,5 LOSSES,17,8,26,4,0,0,0,0,2,2,1,0,0,0
Victor Honório,65 WINS,12 LOSSES,37,8,14,4,1,0,1,5,3,2,1,0,0,1
Manuel Ribamar,106 WINS,51 LOSSES,53,9,25,16,0,1,0,18,9,15,7,1,1,0
AJ Sousa,30 WINS,15 LOSSES,10,4,15,1,0,0,0,11,1,2,1,0,0,0
Isaque Paiva,128 WINS,47 LOSSES,43,12,67,4,0,0,1,36,7,3,1,0,0,0
Wellington “Alemão” Luís,36 WINS,26 LOSSES,21,2,8,5,0,0,0,16,2,3,3,1,0,1
Thiago Abreu,39 WINS,21 LOSSES,15,1,23,0,0,0,0,8,3,7,2,0,0,1
Thiago Gaia,16 WINS,7 LOSSES,7,1,6,2,0,0,0,1,1,3,0,1,0,0
Jared Dopp,25 WINS,34 LOSSES,15,3,3,2,2,0,0,16,4,8,6,0,0,0
Mahamed Aly,93 WINS,43 LOSSES,37,8,38,5,2,0,0,18,8,11,6,0,0,0
Tomoyuki Hashimoto,41 WINS,17 LOSSES,17,7,13,3,0,0,1,4,7,4,2,0,0,0
Mansher Khera,35 WINS,22 LOSSES,17,3,13,1,0,0,0,7,5,2,7,0,0,1
Isaac Doederlein,89 WINS,31 LOSSES,21,10,52,6,0,0,0,16,9,0,5,1,0,0
Hiago George,156 WINS,30 LOSSES,69,13,69,5,0,0,0,15,4,3,7,1,0,0
Tanner Rice,78 WINS,59 LOSSES,37,12,14,13,1,0,1,28,6,15,9,0,0,0
Ricco Rodriguez,15 WINS,12 LOSSES,8,0,7,0,0,0,0,4,0,5,1,1,1,0
Djalma Spindola,0 WINS,2 LOSSES,0,0,0,0,0,0,0,0,0,1,0,0,0,0
Diego Borges,36 WINS,15 LOSSES,20,5,8,1,1,0,0,6,5,3,1,0,0,0
Rodnei Barbosa,53 WINS,20 LOSSES,20,5,26,2,0,0,0,11,2,2,4,1,0,0
Faisal Al Kitbe,31 WINS,26 LOSSES,17,7,2,2,3,0,0,12,3,7,4,0,0,0
Arnaldo Maidana,83 WINS,59 LOSSES,26,2,47,6,0,0,2,24,2,24,9,0,0,0
Evandro Nunes,14 WINS,12 LOSSES,1,0,13,0,0,0,0,7,0,4,0,0,1,0
Chris Holdsworth,5 WINS,2 LOSSES,1,0,4,0,0,0,0,1,0,1,0,0,0,0
Ruan de Oliveira,61 WINS,32 LOSSES,19,9,29,2,0,0,2,12,4,15,0,0,0,0
Brian Mahecha,31 WINS,41 LOSSES,18,2,10,1,0,0,0,16,3,20,2,0,0,0
Keven Carrasco,10 WINS,6 LOSSES,4,0,5,1,0,0,0,3,2,1,0,0,0,0
Kevin Mahecha,68 WINS,57 LOSSES,25,11,30,1,0,0,0,27,7,21,2,0,0,0
Pedro Araújo,11 WINS,4 LOSSES,2,1,7,1,0,0,0,1,2,1,0,0,0,0
Jonathan Satava,84 WINS,36 LOSSES,46,4,29,5,0,0,0,17,5,9,4,1,0,0
Alec Baulding,42 WINS,25 LOSSES,18,5,18,1,0,0,0,13,4,2,4,2,0,0
Yan “Pica-Pau” Lucas,78 WINS,33 LOSSES,41,14,11,12,0,0,0,10,6,10,6,0,0,1
Darson Hemmings,5 WINS,14 LOSSES,2,1,2,0,0,0,0,6,4,2,2,0,0,0
Richie Martinez,31 WINS,20 LOSSES,0,0,23,0,0,7,0,2,0,16,1,0,1,0
Marcel Fortuna,19 WINS,12 LOSSES,13,3,3,0,0,0,0,5,3,4,0,0,0,0
Francisco Iturralde,66 WINS,43 LOSSES,21,7,31,5,0,0,2,19,6,12,4,1,0,1
Dany Gerard,41 WINS,20 LOSSES,21,1,15,2,0,0,2,9,5,3,2,0,0,0
Jhonny Loureiro,51 WINS,20 LOSSES,24,7,17,1,1,0,1,9,5,6,0,0,0,0
Miguel Ángel Alderete,7 WINS,1 LOSSES,1,0,5,1,0,0,0,0,1,0,0,0,0,0
José Carlos Lima,28 WINS,15 LOSSES,17,1,6,2,1,0,0,4,3,8,0,0,0,0
Max Gimenis,94 WINS,43 LOSSES,47,5,31,11,0,0,0,9,4,25,5,0,0,0
Fernando Reis,73 WINS,25 LOSSES,29,7,31,6,0,0,0,11,4,7,3,0,0,0
Jamil Hill-Taylor,54 WINS,12 LOSSES,11,12,24,5,1,0,1,3,2,2,3,1,0,1
Muslim Patsarigov,16 WINS,16 LOSSES,5,2,9,0,0,0,0,5,2,5,2,1,0,1
Tiago Bravo,50 WINS,32 LOSSES,22,5,18,4,1,0,0,15,6,6,4,0,0,0
Cassio Francis,47 WINS,23 LOSSES,16,3,28,0,0,0,0,9,6,5,3,0,0,0
Breno Bittencourt,36 WINS,23 LOSSES,25,2,8,1,0,0,0,11,2,7,1,0,0,1
Jan Buatim,22 WINS,23 LOSSES,12,0,8,2,0,0,0,12,4,7,0,0,0,0
Enrico Cocco,43 WINS,27 LOSSES,11,1,29,1,0,0,0,16,1,6,3,0,1,0
Ilke Bulut,38 WINS,25 LOSSES,16,5,11,4,1,0,0,12,1,8,3,1,0,0
Kristian Woodmansee,8 WINS,14 LOSSES,1,1,5,1,0,0,0,2,1,8,2,0,0,0
Paul Ardila-Ibarra,20 WINS,9 LOSSES,8,2,8,1,1,0,0,3,0,2,2,2,0,0
Vinicius Garcia,27 WINS,31 LOSSES,15,1,11,0,0,0,0,12,3,15,1,0,0,0
